price,hours,day,title_char_count,has_pics
65,18,19,37,0
700,18,19,46,0
75,18,19,28,1
10,18,19,16,1
775,18,19,27,1
30,18,19,17,1
925,18,19,66,1
425,18,19,33,1
459,18,19,30,1
520,18,19,30,1
299,18,19,56,1
75,18,19,33,1
250,18,19,46,1
300,18,19,42,1
80,18,19,20,1
200,18,19,25,1
80,18,19,24,1
300,18,19,45,1
23,18,19,43,1
100,18,19,42,1
200,18,19,32,1
650,18,19,67,1
140,18,19,26,1
2000,18,19,37,1
100,18,19,44,1
650,18,19,42,1
575,18,19,41,1
25,18,19,13,1
1,18,19,44,1
1,18,19,43,1
35,18,19,29,1
8,18,19,16,1
60,18,19,33,0
100,18,19,24,1
20,18,19,23,1
75,18,19,43,1
150,18,19,42,1
280,18,19,25,1
100,18,19,16,1
0,18,19,23,1
80,18,19,44,1
80,18,19,25,1
30,18,19,31,1
75,18,19,26,1
75,18,19,35,1
130,18,19,24,1
140,18,19,17,1
50,18,19,31,1
240,18,19,27,1
240,18,19,41,1
600,18,19,28,1
40,18,19,19,1
500,18,19,39,1
800,18,19,19,1
800,18,19,27,1
50,18,19,18,1
80,18,19,45,1
50,18,19,29,1
290,17,19,70,1
10,17,19,31,1
5,17,19,59,1
15,17,19,32,1
170,17,19,53,1
300,17,19,26,1
900,17,19,60,1
220,17,19,36,1
750,17,19,29,1
350,17,19,46,1
600,17,19,44,1
5,17,19,12,1
80,17,19,34,1
250,17,19,47,1
40,17,19,47,1
30,17,19,50,1
850,17,19,30,1
25,17,19,35,1
799,17,19,31,1
400,17,19,12,1
180,17,19,70,1
700,17,19,67,1
175,17,19,22,1
4800,17,19,28,1
50,17,19,70,1
30,17,19,62,0
125,17,19,45,1
525,17,19,37,1
50,17,19,46,1
200,17,19,56,1
1450,17,19,64,1
450,17,19,40,1
550,17,19,54,1
250,17,19,50,1
350,17,19,32,1
180,17,19,48,1
50,17,19,25,1
80,17,19,21,1
600,17,19,41,1
800,17,19,21,1
575,17,19,30,1
925,17,19,57,1
650,17,19,67,1
40,17,19,62,1
200,17,19,35,1
150,17,19,41,1
40,17,19,70,1
75,17,19,47,1
450,17,19,18,1
1125,17,19,29,1
35,17,19,27,1
75,17,19,25,1
85,17,19,37,1
250,17,19,22,1
100,17,19,6,1
175,17,19,42,1
60,17,19,7,1
1,17,19,3,1
70,17,19,60,1
900,17,19,37,1
35,17,19,17,1
0,17,19,41,1
70,17,19,60,1
900,17,19,37,1
35,17,19,17,1
0,17,19,41,1
200,17,19,27,1
700,17,19,46,1
600,17,19,24,1
70,17,19,23,1
700,17,19,41,1
130,17,19,36,1
200,17,19,16,1
290,17,19,70,1
450,17,19,41,1
300,17,19,20,1
330,17,19,55,1
225,17,19,50,1
80,17,19,55,1
475,17,19,17,1
10,16,19,22,1
500,16,19,16,1
1700,16,19,58,1
250,16,19,24,1
10,16,19,22,1
300,16,19,40,1
375,16,19,66,1
135,16,19,55,1
800,16,19,54,1
4000,16,19,20,1
1900,16,19,47,1
185,16,19,67,1
7,16,19,31,1
1999,16,19,32,1
1499,16,19,41,1
795,16,19,53,1
35,16,19,22,1
150,16,19,5,1
130,16,19,31,1
200,16,19,9,1
1200,16,19,20,1
3400,16,19,45,1
1300,16,19,50,1
2400,16,19,70,0
5200,16,19,27,1
110,16,19,34,1
1200,16,19,47,1
1800,16,19,21,1
25,16,19,22,1
129,16,19,37,0
75,16,19,25,1
4000,16,19,20,1
100,16,19,66,1
400,16,19,70,1
1375,16,19,60,1
100,16,19,19,1
100,16,19,52,1
325,16,19,49,1
100,16,19,67,1
400,16,19,56,1
120,16,19,20,1
509,16,19,19,1
100,16,19,47,1
1900,16,19,66,1
950,16,19,56,1
800,16,19,32,1
80,16,19,28,1
200,16,19,14,1
2500,16,19,33,1
1,16,19,50,1
400,16,19,33,1
1,16,19,44,1
100,16,19,29,1
850,16,19,43,0
192,16,19,50,1
1,16,19,45,1
125,16,19,29,0
15,16,19,35,1
0,16,19,18,1
200,16,19,14,1
50,16,19,10,1
900,16,19,32,1
3300,16,19,44,1
1200,16,19,27,1
250,16,19,24,1
15,16,19,35,1
50,16,19,31,1
15,16,19,12,1
165,16,19,63,1
20,16,19,37,1
4,16,19,14,0
165,16,19,34,1
8,16,19,37,1
20,15,19,37,1
975,15,19,8,1
120,15,19,39,1
1099,15,19,34,1
300,15,19,53,1
1,15,19,52,1
35,15,19,33,1
1199,15,19,33,1
260,15,19,11,1
475,15,19,48,1
120,15,19,38,1
80,15,19,35,1
135,15,19,56,1
90,15,19,55,1
200,15,19,44,1
100,15,19,25,1
155,15,19,47,1
100,15,19,36,1
111,15,19,37,1
450,15,19,20,0
300,15,19,39,1
150,15,19,37,1
15,15,19,39,1
20,15,19,11,1
45,15,19,11,1
40,15,19,5,1
40,15,19,32,1
0,15,19,45,1
0,15,19,49,1
0,15,19,26,1
10,15,19,32,1
0,15,19,25,1
0,15,19,27,1
10,15,19,32,1
0,15,19,45,1
600,15,19,55,1
1000,15,19,16,1
0,15,19,27,1
1400,15,19,36,1
100,15,19,32,1
830,15,19,25,1
325,15,19,37,1
5,15,19,14,1
1500,15,19,27,1
60,15,19,14,1
5,15,19,14,1
500,15,19,65,1
45,15,19,34,1
325,15,19,34,1
45,15,19,14,1
240,15,19,11,1
45,15,19,10,1
0,15,19,28,1
0,15,19,52,1
0,15,19,28,1
20,15,19,11,1
470,15,19,48,1
820,15,19,66,1
150,15,19,28,1
400,15,19,59,1
200,15,19,18,1
150,15,19,36,1
20,15,19,41,1
225,15,19,29,1
500,15,19,32,1
300,15,19,64,1
4250,15,19,34,1
3500,15,19,19,1
1,15,19,17,1
1,15,19,17,1
75,15,19,45,1
349,15,19,9,1
600,15,19,33,1
2800,15,19,28,1
140,15,19,29,1
99,15,19,28,1
3500,15,19,40,1
1400,14,19,14,1
200,14,19,20,1
300,14,19,28,1
80,14,19,13,1
1700,14,19,64,1
1650,14,19,43,1
25,14,19,52,1
375,14,19,20,1
1500,14,19,29,1
2250,14,19,46,1
350,14,19,44,1
40,14,19,26,1
300,14,19,40,1
250,14,19,26,1
100,14,19,48,1
80,14,19,52,1
100,14,19,38,1
1200,14,19,69,1
60,14,19,47,1
250,14,19,53,1
1600,14,19,37,1
40,14,19,22,1
225,14,19,36,1
65,14,19,38,1
175,14,19,19,1
225,14,19,24,1
150,14,19,17,1
300,14,19,26,1
599,14,19,40,1
2500,14,19,30,1
450,14,19,29,1
70,14,19,35,1
700,14,19,59,1
250,14,19,68,1
160,14,19,19,1
275,14,19,26,0
400,14,19,15,1
1,14,19,47,0
200,14,19,80,1
999,14,19,43,1
1800,14,19,32,1
2000,14,19,51,1
1600,14,19,33,1
500,14,19,36,1
130,14,19,19,1
16500,14,19,43,1
450,14,19,65,1
140,14,19,15,1
310,14,19,41,1
40,14,19,18,1
225,14,19,58,1
325,14,19,28,1
225,14,19,58,1
210,14,19,51,1
10,14,19,25,1
275,14,19,35,1
10,14,19,30,1
30,14,19,16,1
700,14,19,32,1
35,14,19,29,1
200,14,19,43,0
10,14,19,12,1
40,14,19,37,1
150,14,19,27,0
25,14,19,38,1
280,14,19,28,1
290,14,19,57,1
450,14,19,42,1
70,14,19,47,0
110,14,19,29,1
35,14,19,36,0
70,13,19,57,0
80,13,19,40,1
560,13,19,32,1
19,13,19,53,1
1850,13,19,67,1
1500,13,19,46,1
400,13,19,64,1
400,13,19,19,1
950,13,19,34,1
40,13,19,27,1
300,13,19,32,1
400,13,19,64,1
0,13,19,15,1
369,13,19,25,1
1195,13,19,21,1
150,13,19,41,1
135,13,19,48,1
20,13,19,21,1
450,13,19,52,1
6250,13,19,15,1
1,13,19,5,1
110,13,19,24,1
300,13,19,30,1
4400,13,19,49,1
150,13,19,32,1
60,13,19,36,1
100,13,19,26,1
75,13,19,37,1
300,13,19,31,1
50,13,19,69,1
99,13,19,19,1
240,13,19,7,1
180,13,19,30,1
2000,13,19,49,1
89,13,19,47,1
400,13,19,64,1
150,13,19,57,1
80,13,19,55,1
500,13,19,41,1
75,13,19,25,1
275,13,19,43,1
1200,13,19,40,1
300,13,19,14,1
10,13,19,38,1
65,13,19,35,1
30,13,19,50,1
150,13,19,38,1
400,13,19,39,1
2000,13,19,23,1
65,13,19,36,1
75,13,19,40,1
80,13,19,17,1
40,13,19,17,1
0,13,19,28,1
30,13,19,32,1
275,13,19,20,1
18000,13,19,48,1
3500,13,19,34,1
650,13,19,39,1
150,13,19,18,1
1000,13,19,35,1
2000,13,19,31,1
74,12,19,29,1
20,12,19,65,1
30,12,19,25,1
2500,12,19,33,1
0,12,19,36,0
0,12,19,44,0
950,12,19,59,1
55,12,19,29,1
1000,12,19,27,1
800,12,19,38,1
900,12,19,30,1
1599,12,19,28,0
150,12,19,73,1
120,12,19,67,1
30,12,19,25,1
2650,12,19,19,1
100,12,19,30,1
500,12,19,45,1
150,12,19,17,1
500,12,19,70,1
900,12,19,36,1
600,12,19,68,1
30,12,19,48,1
1000,12,19,53,1
950,12,19,60,1
1000,12,19,53,1
30,12,19,48,1
205,12,19,63,1
3000,12,19,18,1
1500,12,19,30,1
0,12,19,61,1
600,12,19,38,1
280,12,19,38,1
975,12,19,33,1
295,12,19,67,1
2800,12,19,19,1
325,12,19,24,1
75,12,19,25,1
65,12,19,30,1
130,12,19,29,1
25,12,19,32,1
100,12,19,32,1
275,12,19,30,1
120,12,19,14,1
100,12,19,32,1
200,12,19,26,1
35,12,19,26,1
100,12,19,30,1
100,12,19,30,1
70,12,19,47,1
60,12,19,28,1
200,12,19,17,1
425,12,19,28,1
85,12,19,31,1
165,12,19,43,1
0,12,19,11,0
600,12,19,55,1
1700,12,19,47,1
200,12,19,24,0
200,12,19,24,0
350,12,19,51,1
400,12,19,27,1
15,12,19,33,0
35,12,19,36,1
3500,12,19,49,1
10,12,19,55,1
200,12,19,21,1
320,12,19,27,1
190,12,19,35,1
20,12,19,35,1
350,12,19,19,1
300,12,19,32,1
150,12,19,38,1
40,12,19,32,1
500,12,19,21,1
30,11,19,31,1
850,11,19,36,1
1950,11,19,21,1
75,11,19,59,1
250,11,19,10,1
425,11,19,29,1
300,11,19,67,0
25,11,19,17,1
1,11,19,24,0
1500,11,19,65,0
120,11,19,30,1
75,11,19,17,1
160,11,19,70,1
300,11,19,63,1
250,11,19,48,1
35,11,19,44,1
900,11,19,20,1
4500,11,19,16,1
100,11,19,20,1
200,11,19,53,1
799,11,19,30,1
1200,11,19,40,1
700,11,19,43,1
150,11,19,16,1
300,11,19,22,1
85,11,19,15,1
200,11,19,30,1
60,11,19,23,1
1500,11,19,38,1
250,11,19,28,1
900,11,19,42,0
300,11,19,33,1
175,11,19,11,1
0,11,19,47,1
30,11,19,23,1
100,11,19,18,1
80,11,19,15,1
400,11,19,53,1
1450,11,19,23,1
799,11,19,30,1
100,11,19,19,1
225,11,19,14,1
20,11,19,47,1
799,11,19,30,1
125,11,19,7,1
799,11,19,30,1
799,11,19,30,1
180,11,19,14,1
450,11,19,54,1
60,11,19,41,1
600,11,19,19,1
200,11,19,13,1
300,11,19,21,1
0,11,19,13,1
2200,11,19,18,1
9,11,19,25,1
650,11,19,31,1
0,11,19,55,1
125,11,19,46,1
150,11,19,53,1
0,11,19,58,1
200,10,19,47,1
35,10,19,19,1
75,10,19,49,1
75,10,19,49,1
110,10,19,17,1
165,10,19,29,1
600,10,19,44,1
40,10,19,39,1
0,10,19,44,0
345,10,19,49,1
0,10,19,35,0
0,10,19,31,0
215,10,19,54,1
20,10,19,22,0
0,10,19,26,1
200,10,19,68,1
1200,10,19,39,1
650,10,19,36,1
169,10,19,70,1
7,10,19,39,1
40,10,19,58,1
10,10,19,49,1
300,10,19,49,1
100,10,19,42,1
400,10,19,44,1
1800,10,19,61,1
5,10,19,38,1
120,10,19,45,1
55,10,19,33,1
70,10,19,29,1
40,10,19,19,1
65,10,19,22,1
55,10,19,34,1
65,10,19,32,1
90,10,19,33,1
9,10,19,56,1
1,10,19,33,1
100,10,19,22,1
275,10,19,56,1
500,10,19,42,1
400,10,19,39,1
65,10,19,20,1
700,10,19,24,1
65,10,19,20,1
700,10,19,24,1
1650,10,19,16,1
6500,10,19,34,1
400,10,19,31,1
30,10,19,17,1
1000,10,19,7,1
2500,10,19,32,1
850,10,19,48,1
20,10,19,32,1
12000,10,19,46,1
50,10,19,28,1
973,10,19,65,1
800,10,19,29,1
500,10,19,22,1
45,10,19,29,1
1650,10,19,25,1
250,10,19,32,1
225,10,19,19,1
65,10,19,38,1
60,10,19,54,1
50,10,19,21,1
30,10,19,33,1
2000,10,19,37,1
700,10,19,26,1
225,10,19,39,1
325,10,19,30,1
400,10,19,29,1
600,10,19,8,1
160,10,19,18,1
40,10,19,29,1
550,10,19,26,1
300,10,19,38,1
40,10,19,26,1
7000,10,19,31,1
720,10,19,28,1
600,10,19,42,1
300,10,19,40,1
330,10,19,16,1
1500,10,19,37,1
3250,10,19,18,1
980,10,19,22,1
900,9,19,16,1
400,9,19,33,1
25,9,19,45,1
600,9,19,10,1
275,9,19,59,1
99,9,19,35,1
50,9,19,44,1
225,9,19,36,1
95,9,19,44,1
4750,9,19,35,1
495,9,19,34,1
2000,9,19,46,1
5799,9,19,54,1
350,9,19,45,1
200,9,19,33,1
15,9,19,22,1
25,9,19,52,1
50,9,19,54,1
50,9,19,21,1
35,9,19,15,1
50,9,19,33,1
325,9,19,25,1
100,9,19,44,1
550,9,19,57,1
75,9,19,42,1
325,9,19,49,1
50,9,19,35,1
265,9,19,40,1
1200,9,19,31,1
750,9,19,16,1
7000,9,19,35,1
599,9,19,23,1
1350,9,19,16,1
2350,9,19,44,1
1400,9,19,22,1
300,9,19,10,1
75,9,19,26,1
550,9,19,10,1
50,9,19,40,1
0,9,19,26,1
25000,9,19,28,1
500,9,19,29,1
70,9,19,54,1
250,9,19,38,0
110,9,19,25,1
195,9,19,64,1
250,9,19,6,1
10,9,19,44,1
300,9,19,7,1
1600,9,19,63,1
0,9,19,63,1
625,9,19,41,1
300,9,19,26,1
1000,9,19,8,1
125,9,19,10,1
250,9,19,21,1
150,9,19,30,1
350,9,19,31,1
250,9,19,8,1
2795,9,19,38,1
3402,9,19,37,1
375,9,19,31,1
400,9,19,34,1
1100,9,19,29,1
3800,9,19,23,1
150,9,19,29,1
475,9,19,21,1
300,9,19,33,1
400,9,19,40,1
4500,9,19,19,1
15,9,19,56,1
5,9,19,58,1
10,9,19,60,1
20,9,19,63,1
3500,9,19,49,1
15,9,19,66,1
1150,9,19,56,1
300,9,19,23,1
1150,9,19,56,1
300,9,19,23,1
20,9,19,60,1
5,9,19,44,1
55,9,19,55,0
30,9,19,22,1
100,9,19,13,1
2495,8,19,46,1
800,8,19,15,1
50,8,19,57,1
20,8,19,28,1
0,8,19,46,1
100,8,19,49,1
100,8,19,21,1
100,8,19,34,1
100,8,19,40,0
850,8,19,27,1
140,8,19,19,1
4000,8,19,17,1
70,8,19,18,1
1480,8,19,28,1
7000,8,19,44,1
225,8,19,55,1
150,8,19,29,1
250,8,19,20,1
550,8,19,37,1
9000,8,19,23,1
450,8,19,18,1
11,8,19,15,1
666,8,19,25,1
550,8,19,29,1
0,8,19,20,1
550,8,19,29,1
2700,8,19,23,1
290,8,19,16,1
2400,8,19,20,1
50,8,19,24,1
550,8,19,21,1
175,8,19,44,1
1900,8,19,31,1
1100,8,19,20,1
0,8,19,50,1
450,8,19,24,1
0,8,19,27,1
95,8,19,30,1
75,8,19,30,1
850,8,19,20,1
800,8,19,22,1
650,8,19,23,1
120,8,19,30,1
50,8,19,11,1
300,8,19,32,1
40,8,19,34,0
100,8,19,22,1
100,8,19,19,0
125,8,19,26,1
125,8,19,42,1
110,8,19,56,1
100,8,19,30,1
50,8,19,25,1
9,8,19,67,1
50,8,19,30,1
1600,8,19,24,1
230,8,19,12,1
475,8,19,17,1
45,8,19,21,1
30,8,19,15,1
2200,8,19,23,1
1500,8,19,67,1
300,8,19,49,1
10,8,19,27,1
250,8,19,49,1
350,8,19,14,1
695,8,19,23,1
175,8,19,17,1
1800,8,19,24,1
600,8,19,25,1
100,8,19,39,1
150,8,19,17,1
15,8,19,40,1
140,8,19,54,1
275,8,19,26,1
900,8,19,21,1
275,8,19,31,1
550,8,19,31,1
90,8,19,46,1
80,8,19,31,1
600,8,19,25,1
225,8,19,15,1
65,8,19,36,1
225,8,19,15,1
150,8,19,17,1
185,8,19,25,1
200,8,19,11,0
65,8,19,30,1
400,8,19,25,1
625,8,19,30,1
150,8,19,17,1
150,8,19,17,1
185,7,19,25,1
175,7,19,17,1
695,7,19,23,1
600,7,19,25,1
400,7,19,25,1
400,7,19,30,1
90,7,19,36,1
75,7,19,24,0
1,7,19,15,1
2150,7,19,18,1
50,7,19,27,1
85,7,19,36,1
200,7,19,23,1
475,7,19,17,1
750,7,19,21,1
1255,7,19,23,1
100,7,19,49,1
5,7,19,28,1
400,7,19,45,1
300,7,19,64,1
400,7,19,39,1
200,7,19,66,1
200,7,19,66,1
25,7,19,36,1
150,7,19,17,1
2950,7,19,33,1
375,7,19,30,1
260,7,19,18,1
165,7,19,34,1
200,7,19,24,1
250,7,19,23,1
275,7,19,39,1
550,7,19,17,1
160,7,19,30,1
20,7,19,30,1
5,7,19,19,1
1350,7,19,65,0
5000,7,19,14,1
1100,7,19,49,1
60,7,19,15,1
50,7,19,26,1
20,7,19,44,1
125,7,19,37,1
150,7,19,33,1
3000,7,19,46,1
40,7,19,42,1
45,7,19,29,1
75,7,19,69,1
100,7,19,18,1
1,7,19,70,1
275,7,19,66,1
700,7,19,70,1
1,7,19,53,1
350,7,19,39,1
225,7,19,48,1
250,7,19,54,1
275,7,19,34,1
150,7,19,51,1
0,7,19,59,1
0,7,19,47,1
125,7,19,44,1
70,6,19,7,1
3000,6,19,49,1
1700,6,19,12,1
400,6,19,27,1
800,6,19,49,1
70,6,19,26,1
250,6,19,51,1
500,6,19,65,1
100,6,19,52,1
140,6,19,53,1
325,6,19,26,1
1325,6,19,61,1
1400,6,19,48,1
150,6,19,51,1
1800,6,19,58,1
0,6,19,31,1
42,6,19,40,1
215,5,19,35,1
0,5,19,14,1
0,5,19,19,1
30,5,19,12,1
10,5,19,15,1
800,5,19,44,1
10,5,19,15,1
100,4,19,29,1
1000,4,19,63,1
3500,4,19,56,1
13,4,19,46,1
10,4,19,15,1
10,4,19,15,1
100,3,19,27,1
350,3,19,42,1
0,3,19,56,1
650,3,19,26,1
1000,3,19,34,1
1000,3,19,25,1
120,2,19,47,1
750,2,19,52,1
95,2,19,16,1
899,2,19,30,1
450,2,19,48,1
899,2,19,64,1
499,2,19,17,1
5,2,19,44,1
499,2,19,33,1
149,2,19,53,0
159,2,19,49,1
149,2,19,22,1
249,2,19,27,1
149,2,19,47,1
1,2,19,54,1
0,2,19,61,1
1,2,19,35,1
1,2,19,51,1
69,2,19,43,1
699,2,19,50,1
1550,1,19,32,1
200,1,19,23,1
1,1,19,28,1
199,1,19,54,1
99,1,19,28,1
299,1,19,28,1
499,1,19,50,1
89,1,19,42,1
1,1,19,47,1
900,1,19,68,1
800,1,19,68,1
700,1,19,69,1
560,1,19,68,1
25,1,19,57,1
15,1,19,33,1
220,1,19,65,1
300,1,19,56,1
900,0,19,20,1
200,0,19,13,1
225,0,19,33,1
60,0,19,28,1
45,0,19,52,1
500,0,19,26,1
50,23,18,49,1
120,23,18,32,1
550,23,18,20,1
220,23,18,36,1
15,23,18,28,1
750,23,18,20,1
1800,23,18,44,1
0,23,18,40,1
0,23,18,40,1
350,23,18,34,1
0,23,18,32,1
350,23,18,48,1
0,23,18,28,1
0,23,18,23,1
1500,23,18,37,1
4650,23,18,46,1
9600,23,18,32,1
55,23,18,26,1
20,23,18,45,1
0,23,18,11,1
60,23,18,50,1
350,23,18,38,1
600,23,18,46,1
40,23,18,23,1
175,23,18,32,1
80,23,18,27,1
110,23,18,36,1
3200,23,18,25,1
1550,23,18,36,1
10,23,18,31,1
6,23,18,40,1
45,23,18,37,1
15,23,18,36,1
3300,23,18,40,1
125,23,18,38,1
5,23,18,56,1
15,23,18,38,1
1750,22,18,29,1
10,22,18,38,1
5,22,18,35,1
50,22,18,35,1
5,22,18,36,1
5,22,18,27,1
40,22,18,27,1
50,22,18,23,1
140,22,18,25,1
120,22,18,38,1
40,22,18,29,1
30,22,18,31,1
29,22,18,39,1
39,22,18,46,1
20,22,18,21,1
350,22,18,21,1
1300,22,18,11,1
3700,22,18,42,1
750,22,18,44,1
599,22,18,45,1
450,22,18,47,1
100,22,18,47,0
175,22,18,28,1
0,22,18,38,1
260,22,18,31,1
300,22,18,31,1
150,22,18,22,1
275,22,18,24,1
1400,22,18,32,1
80,22,18,26,1
285,22,18,14,1
80,22,18,23,1
120,22,18,25,1
2500,22,18,29,1
900,22,18,22,1
4500,22,18,39,1
3500,22,18,16,1
50,22,18,17,1
0,22,18,68,1
70,22,18,26,1
800,22,18,32,1
40,22,18,14,1
40,22,18,14,1
499,22,18,54,1
250,22,18,20,1
45,22,18,64,1
100,22,18,22,1
20,22,18,40,1
40,22,18,23,1
70,22,18,25,1
4200,22,18,23,1
375,22,18,17,1
385,22,18,23,1
20,22,18,27,1
2450,22,18,23,1
80,22,18,36,1
80,22,18,41,1
110,22,18,22,1
185,22,18,23,1
1000,22,18,28,1
260,22,18,32,1
300,22,18,63,1
75,22,18,13,1
50,22,18,44,1
200,22,18,6,1
100,22,18,34,1
275,22,18,40,0
3950,22,18,20,1
140,22,18,49,1
500,21,18,70,1
0,21,18,40,1
140,21,18,44,1
600,21,18,43,1
0,21,18,38,1
1,21,18,28,1
550,21,18,44,1
12500,21,18,35,1
0,21,18,22,1
175,21,18,63,1
850,21,18,67,1
225,21,18,70,1
500,21,18,40,1
250,21,18,66,1
250,21,18,66,1
80,21,18,31,1
45,21,18,38,0
1,21,18,17,1
400,21,18,36,1
1100,21,18,45,1
5,21,18,31,1
1200,21,18,20,1
55,21,18,70,1
800,21,18,34,0
749,21,18,31,1
1015,21,18,58,1
999,21,18,47,1
1199,21,18,33,1
699,21,18,53,1
150,21,18,35,0
550,21,18,32,1
250,21,18,40,1
800,21,18,53,1
3200,21,18,6,1
400,21,18,32,1
100,21,18,57,0
2200,21,18,27,1
5,21,18,23,1
350,21,18,29,1
160,21,18,25,1
5800,21,18,42,1
65,21,18,42,1
650,21,18,20,1
1800,21,18,15,1
0,21,18,41,0
250,21,18,32,1
400,21,18,28,1
1599,21,18,28,0
1250,21,18,68,1
750,21,18,19,1
150,21,18,28,1
350,21,18,17,1
500,21,18,22,1
125,21,18,24,1
1350,20,18,48,1
575,20,18,40,1
150,20,18,35,1
175,20,18,64,1
15,20,18,14,1
15000,20,18,45,1
200,20,18,22,0
135,20,18,43,1
2300,20,18,26,1
500,20,18,56,1
140,20,18,8,1
2200,20,18,66,1
300,20,18,20,1
125,20,18,34,1
400,20,18,8,1
150,20,18,15,1
5,20,18,61,1
100,20,18,20,1
40,20,18,28,1
40,20,18,14,1
8500,20,18,24,1
595,20,18,37,1
100,19,18,36,1
40,19,18,64,1
120,19,18,18,1
70,19,18,44,1
225,19,18,27,1
750,19,18,58,1
70,19,18,26,1
111,19,18,21,1
10,19,18,24,1
3199,19,18,59,1
45,19,18,28,1
45,19,18,14,1
350,19,18,29,1
0,19,18,39,1
0,19,18,57,1
60,19,18,27,1
60,19,18,29,1
20,19,18,26,1
55,19,18,40,1
75,19,18,36,1
300,19,18,70,0
150,19,18,36,1
100,19,18,37,1
12000,19,18,20,0
35,19,18,24,1
65,19,18,24,1
250,19,18,43,1
2400,19,18,37,1
25,19,18,21,1
400,19,18,40,1
30,19,18,14,1
300,19,18,61,0
5200,19,18,32,1
1400,19,18,36,1
1400,19,18,19,1
1750,19,18,69,1
50,19,18,70,0
10000,19,18,11,1
1800,19,18,29,1
750,19,18,12,1
2700,19,18,13,1
550,19,18,32,1
800,19,18,38,1
600,19,18,38,1
200,19,18,29,1
750,19,18,36,1
650,19,18,35,1
0,19,18,27,1
1850,19,18,18,1
350,19,18,45,1
3800,19,18,30,1
2800,19,18,21,1
250,19,18,51,1
25,19,18,64,1
20,19,18,47,1
175,19,18,50,1
5000,19,18,59,1
600,19,18,5,1
100,19,18,13,1
999,19,18,31,1
1650,19,18,32,1
1450,19,18,33,1
1675,19,18,23,1
1300,19,18,21,1
400,18,18,47,1
450,18,18,60,1
500,18,18,58,1
150,18,18,70,1
150,18,18,70,1
1700,18,18,13,1
2250,18,18,33,1
16500,18,18,35,1
2250,18,18,34,1
500,18,18,46,1
1000,18,18,32,1
1400,18,18,31,1
40,18,18,24,1
399,18,18,40,0
149,18,18,43,0
175,18,18,17,1
185,18,18,25,1
0,18,18,50,1
150,18,18,17,1
100,18,18,42,1
239,18,18,54,1
100,18,18,39,1
30,18,18,70,1
60,18,18,40,1
30,18,18,70,1
60,18,18,60,1
75,18,18,43,1
300,18,18,48,1
80,18,18,34,1
50,18,18,23,1
125,18,18,48,1
140,18,18,40,1
3500,18,18,30,1
350,18,18,34,1
1250,18,18,46,1
0,18,18,41,1
1000,18,18,36,1
0,18,18,26,0
0,18,18,48,1
599,18,18,35,1
250,18,18,38,1
0,18,18,40,1
25,18,18,14,1
275,18,18,10,1
0,18,18,38,1
1800,18,18,44,1
0,18,18,53,1
0,18,18,21,0
0,18,18,38,1
0,18,18,40,1
0,18,18,26,1
0,18,18,22,1
1290,18,18,27,1
0,18,18,27,1
0,18,18,12,1
0,18,18,31,1
40,18,18,11,1
325,18,18,30,0
75,18,18,21,1
499,18,18,30,1
275,18,18,25,1
0,18,18,38,1
925,18,18,43,1
0,18,18,32,0
0,18,18,24,1
400,18,18,70,1
0,18,18,16,1
30,18,18,31,1
875,18,18,67,1
0,18,18,32,1
150,18,18,49,1
150,18,18,23,1
0,18,18,36,1
750,18,18,24,1
199,18,18,38,1
250,18,18,24,1
120,18,18,37,1
4,18,18,43,1
725,18,18,32,1
1,18,18,55,0
595,18,18,10,1
75,18,18,27,1
75,18,18,25,1
10,18,18,37,1
10,18,18,19,1
1,18,18,30,1
180,18,18,35,0
800,18,18,18,1
15,18,18,41,1
490,17,18,14,1
0,17,18,7,1
0,17,18,47,1
60,17,18,23,1
550,17,18,23,1
300,17,18,23,1
475,17,18,12,1
0,17,18,41,1
0,17,18,36,1
0,17,18,36,1
0,17,18,25,1
125,17,18,23,1
0,17,18,18,1
100,17,18,23,1
600,17,18,33,1
600,17,18,49,1
600,17,18,67,1
170,17,18,35,1
170,17,18,25,1
35,17,18,12,1
35,17,18,12,1
100,17,18,46,1
10,17,18,11,1
400,17,18,14,1
5,17,18,12,1
5,17,18,12,1
3400,17,18,42,1
75,17,18,10,1
150,17,18,13,1
700,17,18,15,1
300,17,18,45,1
100,17,18,12,1
1500,17,18,16,1
200,17,18,14,0
120,17,18,14,1
250,17,18,14,1
750,17,18,38,1
300,17,18,25,1
800,17,18,26,1
200,17,18,38,1
500,17,18,51,1
100,17,18,46,1
1,17,18,10,1
125,17,18,11,1
400,17,18,13,1
60,17,18,9,1
160,17,18,20,1
1800,17,18,55,1
350,17,18,8,1
95,17,18,27,0
200,17,18,37,1
350,17,18,21,1
150,17,18,33,1
160,17,18,32,1
300,17,18,14,1
85,17,18,20,1
35,17,18,23,1
1100,17,18,15,1
1600,17,18,37,1
45,17,18,32,1
115,17,18,41,1
260,17,18,22,1
1000,17,18,34,1
1650,17,18,25,1
375,17,18,53,1
4500,17,18,60,1
75,17,18,8,1
75,17,18,30,1
20,17,18,43,1
180,16,18,24,0
25,16,18,70,1
200,16,18,16,1
0,16,18,41,1
0,16,18,38,1
1099,16,18,45,1
200,16,18,34,1
260,16,18,57,1
40,16,18,35,1
400,16,18,48,1
70,16,18,15,1
15,16,18,41,1
550,16,18,57,1
950,16,18,31,1
115,16,18,24,1
1799,16,18,36,1
3695,16,18,58,1
1700,16,18,35,1
1350,16,18,25,1
60,16,18,47,1
750,16,18,19,1
75,16,18,17,1
85,16,18,48,1
1495,16,18,43,1
1250,16,18,37,1
8495,16,18,44,1
65,16,18,32,1
65,16,18,40,1
850,16,18,28,1
80,16,18,50,1
425,16,18,34,1
1000,16,18,13,1
300,16,18,17,1
500,16,18,31,1
900,16,18,37,1
1000,16,18,29,1
15,16,18,31,1
3250,16,18,54,1
999,16,18,29,1
450,16,18,16,1
275,16,18,56,1
1500,16,18,30,1
142,16,18,36,1
525,16,18,27,1
65,16,18,14,1
100,16,18,8,1
260,16,18,10,1
320,16,18,9,1
1250,16,18,75,1
30,16,18,23,1
375,16,18,32,1
30,16,18,22,1
80,16,18,45,1
4995,16,18,70,1
600,16,18,39,1
1050,16,18,58,1
50,16,18,46,1
100,16,18,31,1
100,16,18,14,1
30,16,18,16,1
3250,15,18,16,1
25,15,18,10,1
45,15,18,61,1
250,15,18,16,1
20,15,18,55,1
30,15,18,21,1
480,15,18,36,1
10,15,18,31,1
80,15,18,44,1
100,15,18,69,1
40,15,18,33,1
170,15,18,28,1
2500,15,18,63,1
40,15,18,24,1
30,15,18,24,1
50,15,18,20,1
680,15,18,33,1
1750,15,18,24,1
250,15,18,22,1
200,15,18,33,1
160,15,18,41,1
50,15,18,16,1
100,15,18,16,1
300,15,18,16,1
100,15,18,44,1
60,15,18,28,1
150,15,18,41,1
200,15,18,33,1
140,15,18,18,1
60,15,18,38,1
60,15,18,11,1
100,15,18,19,1
145,15,18,19,1
475,15,18,40,1
55,15,18,30,1
0,15,18,50,1
100,15,18,36,1
0,15,18,38,1
77,15,18,20,1
45,15,18,17,1
300,15,18,14,1
1200,15,18,39,1
1,15,18,29,1
40,15,18,32,1
90,15,18,45,1
600,15,18,46,1
220,15,18,25,1
1450,15,18,24,1
600,15,18,22,1
65,15,18,27,1
399,15,18,56,1
200,15,18,22,1
60,15,18,20,1
650,15,18,25,1
1200,15,18,39,1
100,15,18,18,1
400,15,18,25,1
1300,15,18,17,0
229,15,18,59,1
100,15,18,29,1
195,15,18,48,1
120,15,18,43,1
20,15,18,20,1
1,15,18,45,1
250,15,18,66,1
1400,15,18,65,1
60,15,18,25,1
55,15,18,33,1
1900,15,18,21,1
450,14,18,22,1
200,14,18,25,1
100,14,18,58,1
120,14,18,25,1
50,14,18,25,1
180,14,18,34,1
450,14,18,22,1
600,14,18,30,1
1500,14,18,48,1
30,14,18,16,1
1200,14,18,19,1
500,14,18,40,1
65,14,18,39,1
150,14,18,27,1
1500,14,18,59,1
25,14,18,48,1
375,14,18,25,1
800,14,18,27,1
550,14,18,14,1
850,14,18,48,1
400,14,18,40,1
17995,14,18,19,1
495,14,18,46,1
4000,14,18,57,1
240,14,18,23,1
80,14,18,23,1
20,14,18,34,0
2000,14,18,57,1
50,14,18,58,1
399,14,18,70,1
500,14,18,58,1
250,14,18,39,1
20,14,18,31,0
1495,14,18,32,1
85,14,18,29,1
995,14,18,36,1
500,14,18,70,1
695,14,18,22,1
1595,14,18,40,1
80,14,18,34,1
60,14,18,16,1
85,14,18,9,1
120,14,18,46,0
300,14,18,38,1
1599,14,18,64,1
85,14,18,9,1
49,14,18,30,1
39,14,18,59,1
250,14,18,40,1
400,14,18,10,1
950,14,18,32,0
175,14,18,42,1
120,14,18,40,1
1100,14,18,53,1
1400,14,18,12,1
15,14,18,19,1
10850,14,18,57,1
95,14,18,13,1
150,14,18,38,1
650,14,18,39,1
295,14,18,49,1
40,14,18,17,1
75,14,18,56,1
30,14,18,23,0
50,14,18,18,1
140,14,18,56,1
325,14,18,54,1
30,14,18,23,0
50,14,18,18,1
140,14,18,56,1
325,14,18,54,1
10,14,18,15,1
880,14,18,66,1
80,14,18,55,1
10,14,18,15,1
1090,14,18,47,1
1400,14,18,60,1
135,14,18,56,1
2000,14,18,16,1
10,14,18,15,1
690,14,18,66,1
250,14,18,51,1
30,14,18,23,0
40,14,18,17,1
1,14,18,27,1
2999,13,18,33,1
250,13,18,61,1
349,13,18,60,1
750,13,18,56,1
50,13,18,14,1
960,13,18,13,1
650,13,18,34,1
450,13,18,24,1
900,13,18,42,1
0,13,18,27,1
0,13,18,21,1
35,13,18,28,1
100,13,18,12,1
200,13,18,20,1
4899,13,18,35,1
150,13,18,17,0
125,13,18,10,1
150,13,18,13,0
175,13,18,42,1
400,13,18,31,1
250,13,18,21,1
150,13,18,30,1
650,13,18,29,1
400,13,18,28,1
150,13,18,19,0
450,13,18,54,1
90,13,18,42,1
65,13,18,27,1
115,13,18,42,1
20,13,18,26,1
600,13,18,26,1
1250,13,18,33,1
100,13,18,42,1
245,13,18,37,1
180,13,18,37,1
85,13,18,15,1
900,13,18,29,1
100,13,18,11,1
45,13,18,32,1
550,13,18,25,1
50,13,18,12,1
3000,13,18,39,1
1500,13,18,58,1
250,13,18,32,1
450,13,18,66,1
250,13,18,21,1
1100,13,18,30,1
1150,13,18,45,1
235,13,18,46,1
60,13,18,43,1
125,13,18,39,1
65,13,18,68,1
110,13,18,27,1
65,13,18,32,1
250,13,18,23,1
65,13,18,40,1
50,13,18,33,1
0,13,18,25,1
1,13,18,68,1
650,13,18,45,1
8500,13,18,31,1
75,13,18,5,1
15,13,18,43,1
1,13,18,34,0
4200,13,18,38,0
3000,13,18,31,1
5000,13,18,25,1
90,13,18,23,1
1395,13,18,32,1
795,13,18,41,1
1395,13,18,48,1
1995,13,18,54,1
895,13,18,44,1
895,13,18,52,1
2555,13,18,40,1
1395,13,18,35,1
499,13,18,14,1
150,13,18,30,1
100,13,18,42,1
60,13,18,15,1
80,13,18,59,1
115,13,18,28,1
250,13,18,33,1
2400,12,18,22,1
1599,12,18,28,0
3000,12,18,14,1
298,12,18,76,1
65,12,18,31,1
1000,12,18,62,1
90,12,18,21,1
450,12,18,37,1
90,12,18,25,1
20,12,18,15,1
20,12,18,53,1
20,12,18,24,1
120,12,18,56,1
80,12,18,21,1
2500,12,18,24,1
75,12,18,35,1
1250,12,18,70,1
50,12,18,22,1
625,12,18,31,1
250,12,18,16,1
215,12,18,15,1
275,12,18,29,1
350,12,18,15,1
750,12,18,62,1
40,12,18,35,1
475,12,18,25,1
160,12,18,21,1
250,12,18,32,1
275,12,18,58,1
1000,12,18,33,1
600,12,18,13,1
500,12,18,30,1
50,12,18,27,1
700,12,18,69,1
1250,12,18,70,1
1,12,18,14,1
535,12,18,54,1
400,12,18,29,1
675,12,18,51,1
0,12,18,61,1
0,12,18,53,1
250,12,18,30,1
175,12,18,23,1
40,12,18,20,1
2000,12,18,33,1
5500,12,18,31,1
120,12,18,34,1
425,12,18,29,1
500,12,18,23,1
40,12,18,23,1
35,12,18,12,1
50,12,18,28,0
30,12,18,40,1
120,12,18,36,1
100,12,18,10,1
40,12,18,15,1
160,12,18,21,1
263,12,18,41,1
500,12,18,61,1
155,12,18,76,1
20,12,18,26,1
70,12,18,17,0
125,12,18,52,1
0,12,18,19,1
25,12,18,5,1
800,12,18,47,1
500,12,18,35,1
50,12,18,32,1
400,12,18,51,1
40,12,18,27,1
20,12,18,26,0
40,12,18,36,1
120,12,18,39,1
175,12,18,31,1
1300,12,18,33,1
10,12,18,11,1
300,12,18,34,1
120,12,18,63,1
260,12,18,32,1
260,12,18,23,1
300,12,18,35,1
50,12,18,23,1
195,12,18,19,1
300,12,18,45,1
650,12,18,28,1
895,12,18,43,1
30,12,18,53,1
1800,12,18,29,1
95,12,18,26,1
10,11,18,31,1
1000,11,18,33,1
350,11,18,32,1
75,11,18,9,1
475,11,18,18,1
295,11,18,67,1
995,11,18,36,1
575,11,18,18,1
0,11,18,9,1
950,11,18,40,1
995,11,18,38,1
25,11,18,37,1
85,11,18,25,1
125,11,18,32,1
90,11,18,40,1
500,11,18,56,1
2500,11,18,36,1
150,11,18,19,1
40,11,18,70,1
625,11,18,52,1
300,11,18,37,1
375,11,18,45,1
20,11,18,48,1
40,11,18,36,1
20,11,18,35,1
20,11,18,41,1
20,11,18,12,1
20,11,18,37,1
40,11,18,36,1
35,11,18,29,1
20,11,18,17,1
20,11,18,33,1
150,11,18,39,1
25,11,18,31,1
60,11,18,45,1
75,11,18,8,1
700,11,18,67,1
500,11,18,59,1
150,11,18,70,1
80,11,18,53,1
150,11,18,30,1
100,11,18,50,1
120,11,18,48,1
200,11,18,21,1
25,11,18,62,1
170,11,18,51,1
60,11,18,39,0
70,11,18,29,0
975,11,18,54,1
35,11,18,49,1
1100,11,18,21,1
2700,11,18,18,1
750,11,18,45,1
140,11,18,52,1
1250,11,18,65,1
450,11,18,54,1
1450,11,18,70,1
1200,11,18,55,1
170,11,18,70,1
130,11,18,46,0
1100,11,18,68,1
700,11,18,51,1
150,11,18,58,0
95,11,18,13,1
50,11,18,60,0
400,11,18,57,1
300,11,18,34,1
300,11,18,36,0
9,11,18,59,1
0,11,18,63,0
6999,11,18,56,1
550,11,18,48,1
2699,11,18,48,1
20,11,18,49,1
30,11,18,63,1
1000,11,18,69,1
15,11,18,52,1
1000,11,18,43,1
1,11,18,62,1
1,11,18,43,1
649,11,18,49,1
2500,11,18,53,1
60,11,18,31,1
799,11,18,67,1
599,11,18,54,1
99,11,18,61,1
100,11,18,19,1
20,11,18,57,1
99,11,18,55,1
399,11,18,62,1
125,11,18,46,1
99,11,18,55,1
399,11,18,51,1
1199,11,18,53,1
1299,11,18,46,1
369,11,18,44,1
220,11,18,39,1
210,11,18,39,1
149,11,18,50,1
1,11,18,69,1
89,11,18,69,1
799,11,18,64,1
699,11,18,69,1
549,11,18,62,1
1,11,18,70,1
25,11,18,36,1
1399,11,18,69,1
3399,11,18,60,1
1399,11,18,66,1
1,11,18,48,1
199,11,18,67,1
20,11,18,47,1
449,11,18,69,1
169,11,18,68,1
8999,11,18,52,1
1,11,18,50,0
500,11,18,46,1
1899,11,18,44,1
500,11,18,21,1
50,11,18,44,1
15000,11,18,24,1
15000,11,18,62,1
0,11,18,26,1
120,11,18,29,1
75,11,18,33,1
275,11,18,20,1
1000,11,18,55,1
200,11,18,44,1
2600,11,18,66,1
65,11,18,12,1
25,11,18,57,1
40,11,18,53,1
600,11,18,52,1
1650,11,18,55,1
75,11,18,35,1
100,11,18,15,1
200,11,18,63,1
1000,11,18,48,1
250,11,18,51,1
60,11,18,38,1
60,11,18,18,1
1695,11,18,55,1
100,11,18,19,1
160,11,18,14,1
650,11,18,24,1
70,11,18,33,1
375,11,18,57,1
600,11,18,38,1
650,11,18,61,1
300,11,18,59,1
20,11,18,24,1
600,11,18,48,1
1250,11,18,75,1
10,11,18,25,0
400,11,18,16,1
1000,11,18,46,1
75,11,18,59,1
250,11,18,21,1
600,11,18,18,1
10,11,18,67,1
499,11,18,62,1
20,11,18,29,1
280,11,18,34,1
290,11,18,24,1
200,11,18,22,1
60,10,18,38,1
350,10,18,23,1
0,10,18,26,1
650,10,18,14,1
50,10,18,27,1
400,10,18,38,1
250,10,18,24,1
550,10,18,25,1
400,10,18,47,1
1300,10,18,30,0
125,10,18,21,1
13200,10,18,26,1
2000,10,18,67,1
100,10,18,19,1
400,10,18,18,1
350,10,18,34,1
200,10,18,17,1
55,10,18,18,1
550,10,18,22,1
600,10,18,21,1
500,10,18,24,1
300,10,18,9,1
20,10,18,29,0
375,10,18,39,1
60,10,18,34,1
280,10,18,37,0
350,10,18,36,0
700,10,18,43,1
250,10,18,46,1
500,10,18,61,1
100,10,18,34,0
350,10,18,45,1
100,10,18,31,1
1800,10,18,29,1
400,10,18,21,1
1100,10,18,34,1
1500,10,18,39,1
120,10,18,41,1
6900,10,18,68,1
200,10,18,15,1
1200,10,18,19,1
40,10,18,20,1
499,10,18,24,1
75,10,18,53,1
2950,10,18,51,1
125,10,18,38,1
300,10,18,23,1
150,10,18,25,1
150,10,18,42,1
125,10,18,51,1
15,10,18,34,1
500,10,18,26,0
20,10,18,40,1
50,10,18,64,1
75,10,18,45,1
800,10,18,59,1
500,10,18,24,1
80,10,18,38,1
330,10,18,11,1
1075,10,18,61,1
389,10,18,15,1
69,10,18,21,1
279,10,18,33,1
200,10,18,11,1
95,10,18,21,1
125,10,18,12,1
140,10,18,21,1
50,10,18,11,1
320,10,18,29,1
250,10,18,33,1
400,10,18,19,1
300,10,18,31,1
2250,10,18,27,1
4999,10,18,54,0
695,10,18,46,1
400,10,18,19,1
4000,10,18,34,1
280,10,18,69,1
750,10,18,36,1
2000,10,18,12,1
350,10,18,59,1
570,10,18,57,1
80,10,18,38,1
3000,10,18,60,1
20,10,18,16,1
70,10,18,15,1
1300,10,18,45,1
80,10,18,15,1
800,10,18,21,1
125,10,18,42,1
700,9,18,46,1
400,9,18,31,1
1,9,18,27,1
1200,9,18,16,1
3575,9,18,67,1
1600,9,18,13,1
400,9,18,14,1
50,9,18,79,1
500,9,18,37,1
99,9,18,38,0
100,9,18,44,1
50,9,18,13,1
100,9,18,36,1
1200,9,18,26,1
150,9,18,18,1
499,9,18,24,1
299,9,18,26,1
160,9,18,15,1
950,9,18,48,1
321,9,18,5,0
40,9,18,29,1
1,9,18,5,1
100,9,18,53,1
30,9,18,49,1
50,9,18,39,1
120,9,18,68,1
325,9,18,24,1
50,9,18,39,1
20,9,18,28,1
70,9,18,43,1
40,9,18,43,1
185,9,18,23,1
115,9,18,70,1
1,9,18,34,1
120,9,18,37,1
299,9,18,33,1
260,9,18,16,1
800,9,18,6,1
1,9,18,12,1
1000,9,18,17,1
10,9,18,70,1
500,9,18,19,1
2900,9,18,20,1
4000,9,18,38,1
300,9,18,24,1
350,9,18,45,1
500,9,18,19,1
350,9,18,30,1
1250,9,18,48,1
300,9,18,33,1
450,9,18,32,1
400,9,18,58,1
150,9,18,36,1
1850,9,18,32,1
150,9,18,41,1
500,9,18,44,1
2250,9,18,65,1
295,9,18,62,1
6490,9,18,14,1
110,9,18,55,1
70,9,18,20,1
65,9,18,22,1
2000,9,18,31,1
450,9,18,30,0
15,9,18,27,1
550,9,18,51,1
15,9,18,61,1
0,9,18,56,1
25,9,18,12,1
1000,9,18,27,1
1800,9,18,17,0
150,9,18,27,0
600,9,18,20,0
6000,9,18,20,1
1650,9,18,31,1
100,9,18,25,1
275,9,18,51,1
195,9,18,64,1
800,9,18,49,1
1,9,18,23,1
0,9,18,63,1
1,9,18,28,1
7500,9,18,32,1
100,9,18,48,1
120,8,18,26,1
50,8,18,28,1
60,8,18,31,1
240,8,18,32,1
200,8,18,62,1
0,8,18,33,1
35,8,18,30,1
375,8,18,36,1
1000,8,18,58,0
850,8,18,19,1
5000,8,18,22,1
40,8,18,28,1
1200,8,18,31,1
485,8,18,33,0
550,8,18,55,1
275,8,18,43,1
45,8,18,23,1
100,8,18,35,1
285,8,18,51,1
1800,8,18,31,1
395,8,18,57,1
0,8,18,30,1
175,8,18,29,1
90,8,18,18,1
0,8,18,31,1
325,8,18,35,1
80,8,18,22,1
85,8,18,38,1
1500,8,18,8,1
1,8,18,17,0
285,8,18,40,1
200,8,18,62,1
250,8,18,36,1
125,8,18,43,1
1,8,18,7,1
300,8,18,33,1
1,8,18,6,1
10,8,18,44,1
80,8,18,23,1
475,8,18,24,1
12,8,18,30,1
250,8,18,8,1
80,8,18,24,1
265,8,18,26,1
600,8,18,11,1
10,8,18,20,1
2000,8,18,21,1
399,8,18,56,1
999,8,18,66,1
299,8,18,58,1
399,8,18,48,1
499,8,18,70,1
699,8,18,58,1
199,8,18,34,1
299,8,18,34,1
1,7,18,12,1
2000,7,18,30,1
80,7,18,12,1
1400,7,18,10,1
120,7,18,34,1
800,7,18,26,1
150,7,18,23,1
500,7,18,17,1
125,7,18,19,1
2500,7,18,25,1
1850,7,18,26,1
1850,7,18,26,1
0,7,18,28,1
0,7,18,39,1
275,7,18,40,1
200,7,18,25,1
130,7,18,16,1
0,7,18,18,1
60,7,18,31,1
0,7,18,21,1
25,7,18,19,1
400,7,18,48,1
150,7,18,23,1
80,7,18,80,1
260,7,18,34,1
30,7,18,24,1
750,7,18,49,1
5000,7,18,38,1
500,7,18,67,1
750,7,18,16,1
250,6,18,43,1
3200,6,18,28,1
2650,6,18,12,1
575,6,18,59,1
0,6,18,33,1
1,6,18,40,1
3200,6,18,16,1
60,6,18,16,1
70,6,18,33,1
3000,5,18,23,1
2150,5,18,35,1
9900,4,18,26,1
80,4,18,29,1
1900,4,18,31,1
2250,4,18,46,1
0,4,18,36,0
275,4,18,10,1
300,4,18,14,1
400,3,18,26,1
200,3,18,25,1
180,3,18,44,1
180,3,18,36,1
180,3,18,37,1
120,3,18,30,1
1300,3,18,68,1
1000,2,18,56,1
1100,2,18,68,1
1750,2,18,26,1
200,2,18,63,1
650,2,18,26,1
1000,2,18,25,1
120,2,18,72,1
700,2,18,24,1
220,1,18,29,1
90,1,18,43,1
400,1,18,39,1
700,1,18,22,1
140,1,18,60,1
180,1,18,21,1
180,1,18,53,1
100,1,18,68,1
180,1,18,44,1
99,1,18,50,0
25,0,18,37,1
20,0,18,21,1
20,0,18,52,1
25,0,18,46,1
10,0,18,44,1
25,0,18,52,1
250,0,18,60,1
400,0,18,29,1
50,0,18,42,1
50,0,18,34,1
400,0,18,29,1
50,0,18,23,1
70,0,18,37,1
850,0,18,41,1
250,0,18,40,1
150,0,18,45,1
350,0,18,25,1
250,0,18,23,1
70,0,18,56,1
700,0,18,35,1
400,0,18,24,1
320,0,18,22,1
290,0,18,19,1
50,0,18,7,1
500,0,18,28,1
50,0,18,14,1
650,0,18,26,1
9,0,18,46,1
350,0,18,11,1
0,0,18,7,1
100,0,18,20,1
119,0,18,42,1
20,0,18,28,1
3100,23,17,42,1
300,23,17,66,1
420,23,17,39,1
499,23,17,70,1
150,23,17,29,1
150,23,17,28,1
2100,23,17,60,1
650,23,17,62,1
120,23,17,57,1
190,23,17,29,1
2000,23,17,37,1
50,23,17,41,1
420,23,17,10,1
1650,23,17,56,1
599,23,17,27,1
875,23,17,67,1
2900,23,17,56,1
225,23,17,36,1
450,23,17,40,1
3500,23,17,65,1
375,23,17,37,1
850,23,17,42,1
2100,22,17,9,1
2000,22,17,30,1
125,22,17,35,1
300,22,17,59,1
300,22,17,57,1
700,22,17,30,1
10,22,17,45,1
275,22,17,47,1
300,22,17,34,1
60,22,17,24,1
3500,22,17,65,1
10,22,17,34,1
4500,22,17,39,1
80,22,17,30,1
0,22,17,47,1
100,22,17,40,1
1750,22,17,49,1
400,22,17,27,1
200,22,17,46,1
195,22,17,28,1
100,22,17,70,1
280,22,17,29,1
30,22,17,31,1
1200,22,17,34,1
195,22,17,64,1
450,22,17,51,1
120,22,17,49,1
45,22,17,68,1
50,22,17,37,1
135,22,17,68,1
550,22,17,20,1
275,22,17,22,1
1400,22,17,24,1
50,22,17,30,1
1200,22,17,30,1
255,22,17,39,1
850,22,17,18,1
300,22,17,45,1
60,22,17,38,1
300,21,17,31,1
75,21,17,54,1
750,21,17,22,1
800,21,17,28,1
1400,21,17,21,1
45,21,17,19,1
80,21,17,28,1
750,21,17,47,1
120,21,17,69,1
10,21,17,35,1
80,21,17,41,1
10,21,17,62,1
1700,21,17,37,1
65,21,17,60,1
75,21,17,52,1
120,21,17,67,1
175,21,17,30,1
120,21,17,34,1
200,21,17,13,1
800,21,17,36,1
150,21,17,32,1
7000,21,17,57,1
550,21,17,9,1
300,21,17,25,1
950,21,17,34,1
300,21,17,25,1
0,21,17,70,0
700,21,17,37,1
700,21,17,21,1
30,21,17,20,1
1800,21,17,22,1
40,20,17,31,1
50,20,17,19,1
900,20,17,39,1
1200,20,17,45,1
1100,20,17,48,1
0,20,17,66,1
300,20,17,27,1
2200,20,17,17,1
175,20,17,16,1
650,20,17,43,1
425,20,17,52,1
4000,20,17,37,1
100,20,17,39,1
50,20,17,15,1
200,20,17,19,1
85,20,17,38,1
3400,20,17,29,1
950,20,17,70,1
5,20,17,34,1
215,20,17,24,1
0,20,17,17,0
1200,20,17,46,1
0,20,17,17,0
0,20,17,17,0
450,20,17,46,1
600,20,17,22,1
6500,20,17,66,1
499,20,17,23,1
0,20,17,46,1
175,20,17,49,1
775,20,17,42,1
60,20,17,65,1
30,20,17,58,0
300,20,17,6,1
2450,20,17,26,1
7000,20,17,26,1
10,19,17,44,1
450,19,17,65,1
800,19,17,32,1
3300,19,17,26,1
950,19,17,34,1
600,19,17,52,1
75,19,17,33,1
160,19,17,58,1
5950,19,17,14,1
275,19,17,63,1
200,19,17,23,1
495,19,17,45,1
450,19,17,53,1
4500,19,17,42,1
175,19,17,45,1
80,19,17,24,1
200,19,17,34,1
200,19,17,24,1
450,19,17,49,1
110,19,17,41,1
160,19,17,17,0
50,19,17,64,1
600,19,17,39,1
1900,19,17,52,1
3200,19,17,70,1
4000,19,17,31,1
250,18,17,41,1
200,18,17,29,1
60,18,17,21,1
150,18,17,30,1
15,18,17,50,1
450,18,17,54,1
300,18,17,38,1
2400,18,17,41,1
2400,18,17,41,1
800,18,17,35,1
125,18,17,42,1
925,18,17,41,1
1,18,17,56,1
350,18,17,22,1
4200,18,17,26,1
1100,18,17,29,1
895,18,17,69,1
79,18,17,70,1
900,18,17,34,1
450,18,17,38,1
875,18,17,67,1
20,18,17,9,1
600,18,17,67,1
20,18,17,9,1
500,18,17,38,1
25,18,17,47,1
40,18,17,48,1
150,18,17,23,1
1000,18,17,36,1
1000,18,17,21,1
0,18,17,18,1
6500,18,17,44,1
300,18,17,59,1
2250,18,17,66,1
375,18,17,59,1
0,18,17,30,1
600,18,17,22,1
0,18,17,20,1
700,18,17,22,1
350,18,17,48,1
90,18,17,26,1
150,18,17,43,1
150,18,17,27,1
350,18,17,34,1
2800,18,17,29,1
10,18,17,43,1
399,18,17,60,1
30,18,17,42,1
1000,18,17,22,1
100,18,17,39,1
100,18,17,25,1
150,18,17,27,1
800,18,17,32,1
50,17,17,45,1
10,17,17,48,1
10,17,17,39,0
1300,17,17,12,1
650,17,17,35,1
500,17,17,38,1
255,17,17,24,1
220,17,17,37,1
350,17,17,33,1
600,17,17,5,1
250,17,17,67,1
75,17,17,14,1
1,17,17,15,1
1500,17,17,44,0
10,17,17,33,1
600,17,17,37,1
1,17,17,19,0
3500,17,17,42,1
1500,17,17,30,1
4000,17,17,57,1
1,17,17,38,1
3,17,17,18,0
11500,17,17,48,1
80,17,17,13,1
1900,17,17,26,1
180,17,17,30,1
300,17,17,50,1
60,17,17,31,1
320,17,17,24,1
350,17,17,47,1
175,17,17,36,1
200,17,17,20,1
15,17,17,46,1
15,17,17,46,1
325,17,17,30,1
225,17,17,15,1
2850,17,17,61,1
85,17,17,22,1
120,17,17,14,1
580,17,17,14,1
900,17,17,23,1
125,17,17,35,1
649,17,17,38,1
1200,17,17,21,1
1200,16,17,32,1
150,16,17,14,1
275,16,17,19,1
30,16,17,11,1
700,16,17,31,1
125,16,17,64,1
200,16,17,65,0
700,16,17,46,1
200,16,17,65,0
275,16,17,23,1
100,16,17,45,1
175,16,17,10,1
65,16,17,65,1
100,16,17,43,1
175,16,17,26,1
140,16,17,20,1
930,16,17,40,1
995,16,17,19,1
575,16,17,45,1
119,16,17,35,1
495,16,17,7,1
95,16,17,33,1
20,16,17,11,1
1850,16,17,8,1
950,16,17,46,1
60,16,17,24,1
2100,16,17,56,1
25,16,17,26,1
750,16,17,17,1
25,16,17,26,1
600,16,17,17,1
22,16,17,38,0
5,16,17,16,1
2,16,17,68,0
650,16,17,29,1
200,16,17,31,1
1600,16,17,33,1
80,16,17,54,1
750,15,17,24,1
300,15,17,16,1
60,15,17,13,1
1199,15,17,37,1
200,15,17,28,1
250,15,17,32,1
0,15,17,49,1
850,15,17,50,1
110,15,17,23,1
2200,15,17,37,1
0,15,17,16,0
75,15,17,41,1
75,15,17,28,1
200,15,17,25,1
1000,15,17,42,1
100,15,17,42,0
6500,15,17,34,1
350,15,17,70,1
800,15,17,39,1
2800,15,17,20,1
175,15,17,28,1
600,15,17,36,1
195,15,17,43,1
50,15,17,23,1
400,15,17,21,1
1500,15,17,24,1
60,15,17,16,1
60,15,17,16,1
60,15,17,16,1
30,14,17,48,1
30,14,17,23,1
30,14,17,8,1
50,14,17,27,1
525,14,17,37,1
475,14,17,17,1
80,14,17,31,1
699,14,17,47,1
90,14,17,40,1
1198,14,17,54,1
75,14,17,35,1
20,14,17,27,1
60,14,17,61,1
300,14,17,48,1
125,14,17,47,1
150,14,17,58,1
150,14,17,16,1
2000,14,17,32,1
11250,14,17,14,1
55,14,17,12,1
700,14,17,29,1
200,14,17,29,1
2300,14,17,44,1
1750,14,17,18,1
200,14,17,9,0
1400,14,17,36,1
200,14,17,20,1
600,14,17,26,1
2500,14,17,18,1
10000,14,17,18,1
1100,14,17,34,1
500,14,17,29,1
500,14,17,23,1
80,14,17,24,1
200,14,17,12,1
1800,14,17,51,1
150,14,17,22,1
440,14,17,32,1
34500,14,17,51,1
125,14,17,38,1
550,14,17,24,1
555,14,17,34,1
800,14,17,27,1
1250,14,17,48,1
525,14,17,43,1
700,14,17,36,1
1199,14,17,39,1
800,14,17,31,1
1350,14,17,38,1
400,14,17,38,1
500,14,17,36,1
1650,14,17,32,1
1500,14,17,50,1
1350,14,17,39,1
115,14,17,37,1
375,14,17,38,1
450,14,17,5,1
39000,14,17,44,1
300,14,17,44,1
750,14,17,28,1
20,14,17,27,1
799,14,17,42,1
220,14,17,32,1
60,14,17,35,1
50,14,17,4,1
25,14,17,30,1
200,14,17,31,1
900,14,17,35,0
40,14,17,13,1
0,14,17,35,1
2500,13,17,43,1
300,13,17,48,1
1000,13,17,37,1
2,13,17,18,1
299,13,17,20,1
1450,13,17,51,1
200,13,17,20,1
895,13,17,64,1
750,13,17,23,1
500,13,17,44,1
800,13,17,27,1
50,13,17,27,1
40,13,17,41,1
75,13,17,26,1
45,13,17,25,1
2300,13,17,28,1
0,13,17,43,1
250,13,17,43,1
4000,13,17,43,1
150,13,17,59,1
6000,13,17,22,1
125,13,17,50,1
100,13,17,12,1
20,13,17,6,1
350,13,17,33,1
125,13,17,11,1
110,13,17,12,1
800,13,17,26,1
350,13,17,23,1
60,13,17,30,1
120,13,17,25,1
1,13,17,24,1
140,13,17,43,1
400,13,17,35,1
149,12,17,22,1
1,12,17,25,1
799,12,17,26,1
850,12,17,51,1
1,12,17,8,1
3500,12,17,33,1
200,12,17,20,1
1750,12,17,19,1
1000,12,17,41,1
1000,12,17,38,1
100,12,17,26,1
900,12,17,24,1
250,12,17,32,1
100,12,17,32,1
300,12,17,31,1
15,12,17,41,1
6,12,17,46,1
250,12,17,18,1
400,12,17,21,1
159,12,17,31,1
165,12,17,31,0
249,12,17,57,0
550,12,17,21,1
499,12,17,69,1
10,12,17,42,1
10,12,17,16,1
1800,12,17,5,1
180,12,17,22,1
400,12,17,19,1
75,12,17,39,1
40,12,17,35,1
2,12,17,57,1
20,12,17,17,0
1499,12,17,28,1
140,12,17,16,1
150,12,17,28,1
200,12,17,40,1
6,12,17,31,1
500,12,17,5,1
2400,12,17,45,0
90,12,17,53,1
250,12,17,31,1
1800,12,17,52,1
250,12,17,51,1
95,12,17,36,1
75,12,17,12,1
1750,12,17,34,1
99,12,17,4,1
1299,12,17,17,1
250,12,17,16,0
399,12,17,24,1
225,12,17,25,1
1299,12,17,17,1
180,12,17,8,1
2100,12,17,30,1
40,12,17,26,1
199,12,17,11,0
240,12,17,51,1
60,12,17,33,1
100,12,17,35,1
50,12,17,41,1
225,12,17,11,1
150,12,17,53,1
150,12,17,38,1
200,12,17,23,1
20,11,17,17,1
125,11,17,13,1
200,11,17,22,0
2750,11,17,33,1
1,11,17,43,1
1750,11,17,17,1
150,11,17,27,1
75,11,17,25,1
240,11,17,25,1
3500,11,17,33,1
25,11,17,16,1
200,11,17,51,1
85,11,17,41,1
499,11,17,33,0
75,11,17,9,0
1100,11,17,26,1
100,11,17,16,1
250,11,17,24,1
2500,11,17,27,1
750,11,17,25,1
1,11,17,40,1
225,11,17,26,1
0,11,17,68,1
200,11,17,22,0
300,11,17,29,1
1400,11,17,39,1
70,11,17,29,1
265,11,17,34,1
375,11,17,30,1
395,11,17,37,1
400,11,17,40,1
100,11,17,55,1
5,11,17,43,1
2,11,17,68,1
165,11,17,31,1
2,11,17,67,1
300,11,17,16,1
750,11,17,26,1
1,11,17,28,1
375,11,17,54,1
400,11,17,43,0
1,11,17,19,0
10,11,17,12,1
25,11,17,30,1
25,11,17,42,1
60,11,17,33,1
400,10,17,56,1
20,10,17,18,1
200,10,17,17,1
700,10,17,26,1
150,10,17,45,1
450,10,17,51,1
650,10,17,25,1
75,10,17,45,1
150,10,17,34,1
210,10,17,18,1
3700,10,17,47,1
160,10,17,34,1
1950,10,17,64,1
1100,10,17,25,1
200,10,17,46,1
250,10,17,15,1
0,10,17,54,1
40,10,17,36,1
1,10,17,33,1
1,10,17,20,1
95,10,17,55,1
375,10,17,33,1
85,10,17,49,1
85,10,17,21,1
0,10,17,24,1
1500,10,17,29,1
210,10,17,35,1
140,10,17,38,1
1500,10,17,34,1
150,10,17,15,1
575,10,17,57,1
1500,10,17,29,1
150,10,17,41,1
1500,10,17,34,1
750,10,17,34,1
1,10,17,14,1
0,10,17,67,1
200,10,17,27,1
49,10,17,46,1
5,10,17,12,1
90,10,17,23,1
400,10,17,17,1
150,10,17,54,1
1150,10,17,23,1
50,10,17,20,1
350,10,17,15,0
75,10,17,40,1
800,10,17,55,1
4400,10,17,30,1
275,10,17,28,1
2100,9,17,45,0
0,9,17,26,1
60,9,17,26,1
20,9,17,50,1
500,9,17,32,1
20,9,17,48,1
0,9,17,56,1
0,9,17,41,1
250,9,17,53,1
2999,9,17,33,0
300,9,17,38,1
35,9,17,17,1
4550,9,17,36,1
850,9,17,33,1
55,9,17,29,1
150,9,17,42,1
275,9,17,37,1
1050,9,17,42,1
450,9,17,65,1
75,9,17,43,1
70,9,17,34,1
50,9,17,22,1
2500,9,17,18,1
200,9,17,16,1
190,9,17,32,1
150,9,17,27,1
250,9,17,20,1
2250,9,17,32,1
130,9,17,15,1
200,9,17,22,1
130,9,17,16,1
5000,9,17,20,1
450,9,17,30,0
50,9,17,39,1
0,9,17,60,1
125,9,17,8,1
70,9,17,50,0
29,9,17,51,1
120,9,17,22,1
295,9,17,39,1
895,9,17,35,1
40,9,17,66,1
900,9,17,17,1
250,8,17,43,1
1800,8,17,32,1
50,8,17,36,1
